Task,Estimated Hours,Actual Hours,Status
Project Planning and Architecture Design,4,4.5,Completed
Setup Project Structure and Docker Configuration,3,3.5,Completed
Data Loading and Pinecone Setup,3,2.5,Completed
Chat Service Development,5,6,Completed
Product Search Service - Basic Setup,3,2,Completed
Product Search Service - RAG Implementation,6,6,Completed
Product Search Service - API Development,4,3.5,Completed
Order Lookup Service Development,4,,Not Started
Mock API Integration,2,,Not Started
UI Development,6,,Not Started
Testing and Debugging,8,,Not Started
Documentation and Sample Questions,3,,Not Started
Deployment and Final Testing,4,,Not Started
Total,55,8,In Progress